{
  "overall_metrics": {
    "overall_recall": 0.8571428571428571,
    "overall_precision": 0.16326530612244897,
    "overall_avg_sem_sim": 0.6536838952068956,
    "total_gt_objects": 7,
    "total_pred_objects": 49,
    "detected_gt": 6,
    "detected_pred": 8
  },
  "video_metrics": {
    "EDLy6c3jH8U": {
      "recall": 0.8571428571428571,
      "precision": 0.16326530612244897,
      "avg_sem_sim": 0.6536838952068956,
      "total_gt": 7,
      "total_pred": 49,
      "detected_gt": 6,
      "detected_pred": 8
    }
  },
  "aggregated_stats": {
    "confidence": [
      [
        5,
        [
          0.5,
          1.0,
          0.48240960139340383
        ]
      ],
      [
        5,
        [
          0.0,
          0.0,
          0
        ]
      ],
      [
        5,
        [
          0.08333333333333333,
          1.0,
          0.8525220942565255
        ]
      ],
      [
        5,
        [
          0.058823529411764705,
          1.0,
          0.18544719485040884
        ]
      ],
      [
        5,
        [
          1.0,
          1.0,
          0.648032220474059
        ]
      ],
      [
        5,
        [
          1.0,
          1.0,
          1.0000000000000007
        ]
      ],
      [
        5,
        [
          1.0,
          1.0,
          0.706513915103354
        ]
      ]
    ],
    "depth": [
      [
        2.221,
        [
          1.0,
          1.0,
          0.706513915103354
        ]
      ],
      [
        2.512,
        [
          0.058823529411764705,
          1.0,
          0.18544719485040884
        ]
      ],
      [
        2.55,
        [
          0.08333333333333333,
          1.0,
          0.8525220942565255
        ]
      ],
      [
        2.669,
        [
          0.0,
          0.0,
          0
        ]
      ],
      [
        2.882,
        [
          0.5,
          1.0,
          0.48240960139340383
        ]
      ],
      [
        4.27,
        [
          1.0,
          1.0,
          1.0000000000000007
        ]
      ],
      [
        5.348,
        [
          1.0,
          1.0,
          0.648032220474059
        ]
      ]
    ],
    "role": [
      [
        "emergency-response",
        [
          0.5,
          1.0,
          0.48240960139340383
        ]
      ],
      [
        "emergency-response",
        [
          0.0,
          0.0,
          0
        ]
      ],
      [
        "emergency-response",
        [
          0.08333333333333333,
          1.0,
          0.8525220942565255
        ]
      ],
      [
        "emergency-response",
        [
          0.058823529411764705,
          1.0,
          0.18544719485040884
        ]
      ],
      [
        "emergency-response",
        [
          1.0,
          1.0,
          0.648032220474059
        ]
      ],
      [
        "emergency-response",
        [
          1.0,
          1.0,
          1.0000000000000007
        ]
      ],
      [
        "emergency-response",
        [
          1.0,
          1.0,
          0.706513915103354
        ]
      ]
    ],
    "object_size": [
      [
        30.076162696483472,
        [
          0.0,
          0.0,
          0
        ]
      ],
      [
        46.97493970850366,
        [
          0.058823529411764705,
          1.0,
          0.18544719485040884
        ]
      ],
      [
        521.6048500100043,
        [
          0.5,
          1.0,
          0.48240960139340383
        ]
      ],
      [
        2714.704134773323,
        [
          1.0,
          1.0,
          1.0000000000000007
        ]
      ],
      [
        3990.6329733319103,
        [
          0.08333333333333333,
          1.0,
          0.8525220942565255
        ]
      ],
      [
        3992.7478623923353,
        [
          1.0,
          1.0,
          0.706513915103354
        ]
      ],
      [
        5787.312572087482,
        [
          1.0,
          1.0,
          0.648032220474059
        ]
      ]
    ],
    "object_cluster": [
      [
        1,
        [
          0.5,
          1.0,
          0.48240960139340383
        ]
      ],
      [
        1,
        [
          0.0,
          0.0,
          0
        ]
      ],
      [
        1,
        [
          0.08333333333333333,
          1.0,
          0.8525220942565255
        ]
      ],
      [
        1,
        [
          0.058823529411764705,
          1.0,
          0.18544719485040884
        ]
      ],
      [
        1,
        [
          1.0,
          1.0,
          0.648032220474059
        ]
      ],
      [
        1,
        [
          1.0,
          1.0,
          1.0000000000000007
        ]
      ],
      [
        1,
        [
          1.0,
          1.0,
          0.706513915103354
        ]
      ]
    ],
    "frame_number": [
      [
        0.004,
        [
          0.5,
          1.0,
          0.48240960139340383
        ]
      ],
      [
        0.033,
        [
          0.0,
          0.0,
          0
        ]
      ],
      [
        0.037,
        [
          0.08333333333333333,
          1.0,
          0.8525220942565255
        ]
      ],
      [
        0.043,
        [
          0.058823529411764705,
          1.0,
          0.18544719485040884
        ]
      ],
      [
        0.109,
        [
          1.0,
          1.0,
          0.648032220474059
        ]
      ],
      [
        0.2,
        [
          1.0,
          1.0,
          1.0000000000000007
        ]
      ],
      [
        0.371,
        [
          1.0,
          1.0,
          0.706513915103354
        ]
      ]
    ]
  }
}